3AMP,Ampli Limited
3ANG,Anglican Care
3BEL,Bright Energy
3CEP,Clean Energy Partners
3CNZ,ConsumerNZ
3CXO,Cortexo
3ECO,Ecocute
3EEC,EECA
3ELL,Energy Link
3EMP,EMP Limited
3ESP,Energy Solution Partners
3FLM,Flipmind
3FUN,Funcsol
3GDN,GDN Solar
3GEO,BRANZ
3KAR,Karit NZ
3NJC,Energie Consulting
3OCT,Octopus Energy
3SCL,Solarcity
3SNT,Stephenson & Turner NZ
3SNZ,Save A Watt
3SPL,Smart Power Limited T/A Energy Select
3SVL,Solar Vision
3SWM,SwitchMe
3TPL,Team Power
3TTP,Taiepa Tiketike
3TUM,Total Utilities Management Group
3UCL,The Utility Company
3WTR,Water Outlook
ABSN,Abyssinian Holdings
ACCL,AccuCal
ACCM,AccuCal
ADHB,Auckland District Hospital
ADMT,Body Corporate (Elevate)
AGCL,Nova Energy
AGCL,Nova Energy (AGCL)
AIAL,Auckland International Airport
AIAL,Auckland Int'l Airport
AJML,Lend Lease Investments Pty
ALDI,Aluminium Diecasting
ALNT,Alinta ENZ
ALPE,Alpine Energy
AMCI,Advanced Metering Assets
AMPC,AMP Capital Investors
AMPX,Mons Ampere
AMSL,Advanced Metering Services
APEL,Austral Pacific Energy (NZ)
ARCM,Arc Innovations
ARCS,Arc Innovations
AREV,Areva
ASHB,Ashburton (old)
ASPD,ASP Development
AUCK,Energy Auckland
AUCN,Energy Auckland Ltd (non-market)
AUDA,Energy Auckland
AUDI,Utility Professional Services
AUGS,Rand Merchant Bank Ltd (Aust. Gilt Securities)
AUNR,Energy Auckland
AWFL,Awhitu Windfarms
BCHB,Body Corporate 324537
BCHB,Body Corporate (Grand Chancellor building)
BCPL,Body Corporate Power
BCRO,Body Corporate 169769
BCRO,Body Corporate (Royal Oak Mall)
BCST,Body Corporate (The Sentinel)
BCST,Body Corporate 396711
BHPT,BHP New Zealand Steel (non-market)
BIRC,Birchfield Minerals
BLUE,Blue Mountain Lumber
BOPD,Bay of Plenty Energy
BOPE,BOP Energy
BPDA,Bay of Plenty Energy
BPNH,Bay of Plenty Energy
BPNR,Bay of Plenty Energy
BRCK,Body Corporate (Brickworks Apartments)
BRKN,Brooklyn Electricity
BUEL,Buller Electricity
CAPP,Capital Power Ltd (old)
CARD,Cardinal
CBRE,CB Richard Ellis
CCRS,Consumer Complaints Resolution Scheme
CDHB,Chch District Health Board
CEEL,Central Electric
CHBP,Centralines
CHBP,Central Hawkes Bay Power
CHCC,Christchurch City Council
CHCL,CWF Hamilton & Co
CHHE,Carter Holt Harvey
CIAL,Christchurch International Airport
CITI,Citi Power
CKHK,Wellington Electricity
CLBR,Calibra
CLUB,Energy Club NZ
CMCB,CGML (CGML Building)
CNTL,Centralines
CNTP,Counties Power
COLP,Coleridge Power Ltd
COML,Comalco Power NZ Ltd
COML,Comalco
COUP,Counties Power
CPOW,CentralPower
CPPL,Property Power
CPTS,Caniwi Properties
CRPL,Crowne Plaza
CSNL,Cold Storage Nelson
CTCS,Contact Energy
CTCT,Contact Energy
CTCX,Contact Energy
CTDA,Contact Energy
CTDB,Contact Energy
CTPP,Contact Energy
CUST,Customer owned
CYNH,Energy Market Services
CYNR,d-cypha
CYPH,Energy Market Services
DCOL,Datacol
DEEP,Deep Energy
DELT,Delta Utility Services
DHCL,Drysdale Hydro Company
DMFL,Dominion Funds
DPNZ,Dongwha Patinna NZ
DTCN,Department of Corrections
DUKE,Duke Energy
DUKN,Duke Energy (non-market)
DUNE,Aurora Energy
DUNW,TrustPower
DUNW,TrustPower (Waipori)
EANZ,Electricity Authority
EASH,Electricity Ashburton
EASM,Eastland Network
EAST,Eastland Network
ECGN,ECNZ Genesis
ECHB,Energy CHB
ECNM,ECNZ (non-market)
ECNR,Energy CHB
ECNZ,Electricity Commission
ECOS,Ecosmart
ECOT,Ecotricity
ECPS,ECNZ Purchasing
ECTK,ECNZ (non-market)
EDCL,EDC Ltd
EDGE,Power Edge
EDNZ,Energy Direct
EGAT,Eastgate Shopping Centre
EGMO,Egmont Electricity Ltd
ELEC,Electra
ELEN,Electra Energy
ELIN,Electricity Invercargill
ELKI,Electric Kiwi
ELTX,Electrix
EMCO,Electricity Authority
EMET,Enermet Ltd
EMHT,EMHTrade
EMPD,Empower
EMPR,Empower
ENDA,Enermet
ENDL,Energy Direct
ENEL,Electrica
ENER,Energy Brokers NZ Ltd
ENSL,Embedded Network Services
ENSP,Energy ScanPower
ENWR,Energy Waitaki
ENWT,Energy Waitaki
EODA,Genesis Energy
EPOW,Electropower Ltd
ERGY,Energy Response Pty
ESDP,ESD Power
ESEL,Energy Select
ETCH,Energy Tech Ltd
ETRN,eTrading
EWAI,Energy Waitaki Ltd
EWDA,Natural Gas
EWSL,Envirowaste Services
EZYN,Bosco Connect
FCLM,Financial Corp
FCLM,Financial Corp Ltd
FEDA,First Electric
FLCH,Fletcher Building
FLCK,Flick Electric
FOGY,For Our Good
FONT,Fonterra Co-operative Group
FORM,Formway Metering Services (NZ)
FRST,First Electric
FSIL,Foodstuffs (South Island)
GBUG,Glo-Bug
GEND,Genesis Energy
GENE,Genesis Energy
GENF,Genesis Energy
GENH,Genesis Energy
GENN,Genesis Power Ltd (non-market)
GENR,Genesis Energy
GENT,Genesis Energy
GENW,Genesis Energy
GEOL,Energy Online
GIVE,Paua to the People
GOVT,Govt Communication Satellite
GPCL,Greymouth Power Company
HANE,Hanergy
HAWK,Unison Networks
HAWN,Hawkes Bay Power (non-market)
HEDL,Horizon Energy
HIGH,High Rise Building
HNET,Hunet Energy
HORO,Horowhenua Energy Ltd 
HYDE,Hydro Energy
IDNL,Indevin
IDPL,ID Power
IHUB,IntelliHUB
INDL,Industrial Energy Ltd
INDS,Indeserve
JACK,Jackson Estate
KAIP,Kaimai Hydro Power
KAPE,Kapuni Energy
KCDA,King Country Energy
KCEM,King Country Energy
KCNR,King Country Energy
KCTD,KCE Mangahao Ltd and Todd Mangahao Ltd
KEAE,Kea Energy
KHSP,Kew Hospital
KING,King Country Energy
KINR,Kiwi Power  (Cogen Plant)
KIPT,Kiwi Income Properties Trust
KIWI,Kiwi Power  (Cogen Plant)
KPEL,Kapuni Energy Ltd (old)
KPOW,K Power
KRGL,Kawerau Geothermal
KUPE,Kupe Gas Field
KWCL,Kiwi Wine Company
LAKE,Waipa Networks
LFG1,Load Following Generator
LINE,The Lines Company
LINK,Energy Link Ltd
LITE,Lighthouse Energy
LLNW,Lakeland Network
LLNZ,Electricity Southland
LMGL,Legacy Metering Group
LTDR,Limited Risk Ltd
MACQ,Macquarie Goodman
MALL,Mall
MALL,Westfield Mall
MARL,Marlborough Lines
MECY,Mercury (non-market)
MEEL,Mercury Electricity
MEEN,Mercury NZ
MEEN,Mercury Energy
MENH,Meridian Energy
MENR,Meridian Energy
MEP0,Unmetered
MEP1,Customer owned
MEP2,Other/unknown
MERG,Meridian Energy
MERI,Meridian Energy
MERN,Meridian Energy Ltd (non-market)
MERQ,Body Corporate (Merchant Quarter)
MERS,Meridian Energy
MERX,Meridian Energy
METH,Methanex
MGTH,Mercury Geotherm
MHLD,Museum Hotel
MNON,Unmetered
MOPO,Mountain Power
MPGL,Marakopa Generation
MPOM,MainPower NZ
MPOW,MainPower NZ
MRDA,Mighty River Power
MRPD,Mercury NZ
MRPD,Mighty River Power
MRPL,Mercury NZ
MRPL,Mighty River Power
MRPN,Mighty River Power Ltd (non-market)
MSDV,Manson Developments
MSLI,Metering Systems
MTEC,Metering Technology
MTPX,Brookfield Multiplex Funds Management
MTRX,Metrix
MYST,Awhitu Windfarms
NA01,Ballance Agri-Nutrients
NA02,Canterbury District Health Boards
NA03,Capital & Coast District Health Board
NA04,Nelson Pine Industries
NA05,ONTRACK (New Zealand Railways Corporation)
NA06,Red Stag Timber
NA07,RTA Power (NZ)
NA08,The Palms Services
NA09,Wellington airport
NAPJ,Nga Awa Purua JV
NAPO,National Power Australia
NATP,National Power
NDHB,Northland District Health Board
NELS,Nelson Electricity
NETC,National Electricity Trading Company (NETCO)
NEXG,NextGen Energy
NGAG,Ngawha Generation
NGCM,Advanced Metering Assets
NGCS,Advanced Metering Assets
NIBT,Niblick Trust
NORF,Body Corporate (Norfolk)
NOVA,Nova
NPOW,Northpower
NRHL,Northcote Road 1 Holdings
NTHP,Northpower
NWLM,Network Waitaki
NZAB,NZ Aluminium Smelters
NZAB,NZAB
NZAF,NZ Aluminium Smelters
NZAL,New Zealand Airways
NZAP,New Zealand Aluminium Smelters
NZAP,NZ Aluminium Smelters
NZAS,NZ Aluminium Smelters
NZAS,New Zealand Aluminium Smelters
NZCD,New Zealand Cooperative Dairy (old)
NZCM,Clearing Manager
NZCS,New Zealand Customs Service
NZEM,NZ Electricity Market
NZFP,New Zealand Forest Products
NZRM,Reconciliation Manager
NZRN,New Zealand Rail
NZRP,New Zealand Retail Property Group Management
NZSC,New Zealand Steel
NZSD,New Zealand Steel
NZSO,System Operator
NZSP,NZ Steel
NZST,New Zealand Steel
NZWF,NZ Wind Farms
NZWF,New Zealand Wind Farms
OBDA,Obertech Group
OBER,Obertech Group Ltd
ONED,Energy OnLine
ONEN,On Energy
ONKK,Onekaka Energy
ONRG,NGC
ONRN,On Energy (non-market)
OPHL,Opunake Hydro
ORBS,Power Direct
ORON,Orion New Zealand
ORSL,Orange Services
OTHR,Other
OTPO,OtagoNet JV
OURP,Ourpower
OYST,Oyster Networks
PANP,Pan Pacific Forest Industries
PBCL,PBC  trading
PCEN,Pacific Energy Ltd
PEAK,Papakura Power
PHXE,Phoenix Energy
PHXN,Phoenix Energy (non-market)
PIGE,Pioneer Generation
PINE,Body Corporate (The Pines)
PION,Pioneer Energy
PLEL,Payless Energy
PLTM,Platinum Power Retail
PLUS,Plus Energy
PNCC,Palmerston Nth City Council
POCN,Powerco Ltd (non-market)
POCO,Powerco
POLC,New Zealand Police (code for registry access only)
POLO,Polo Properties
PONZ,Power New Zealand
POWB,PowerBuy Group
POWD,Power Direct Ltd (old)
PPAC,Pan Pacific Forest Industries
PPAC,Pan Pac Forest Products LTD
PPFP,Pan Pacific Forest Industries
PPHL,Precinct Properties Holdings
PPLD,Farmers Trading Company
PPNZ,Precinct Properties
PPPP,Pulse Energy Alliance
PPTL,Pace Property
PRME,Prime Energy
PSDA,Powershop NZ
PSNZ,Powershop
PSPI,PSPIB Waiheke
PTNP,Port Taranaki
PTOL,Port Otago
PUDA,Pulse Utilities New Zealand
PUKE,PukePine Sawmills
PUNZ,Pulse Energy Alliance
PUNZ,Pulse Utilities
PUPU,Pupu Hydro Society
PWCO,Powerco
PWNT,PowerNet
QEST,Orion Gas Network
RAYN,Rayonier
RB00,Direct purchasers/generators
RB01,Tiny Mighty
RB02,Just Energy
RB03,Pulse Community
RB04,Glo-Bug
RB05,Pulse Energy
RB06,Budgie Power
RB07,Jimmi
RB08,Hampton Electric
RB09,Grey Power Electricity
RB10,Nova Energy
RB11,Utilise
RB12,Paua to the people
RB13,P2 Power
RB14,Blackbox Power
RB15,Electra Energy
RB16,Solar Zero
RB17,Orcon
RB18,Slingshot
RB19,Vocus
RB20,Hopsta
RB21,Comtricity
RB22,Her Energy
RB23,Nau Mai Ra
RB24,Lightforce
RB25,Dynamic Energy Online
RB26,Plains Power
RB27,SuperPower
RB28,Smart Energy
RB29,Speedster
RB30,Käkäriki Power
RB31,Z Electric
RB32,Raglan Local Energy
RFNZ,The NZ Refining Company Ltd
RJEN,Robt Jones
RMBE,RMB Energy Group NZ
RMBN,RMB Energy Group NZ Ltd (non-market)
RNZL,Radio New Zealand
ROTO,Rotorua Electricity Ltd (old)
RT01,Tiny Mighty
RT02,Just Energy
RT03,Pulse Community
RT04,Glo-Bug
RT05,Pulse Energy
RTHL,Right House
RVDN,Ravensdown Fertiliser Co-op
SABL,Sabina
SCAN,Scanpower
SCGL,Southdown Cogeneration Ltd
SCHL,South City Holdings
SELS,Simply Energy
SELX,Simply Energy
SHPK,Southpark Utilities
SHRV,Selwyn Heights Retirement Village
SIEM,Siemens (N.Z.)
SIEN,South Island Energy
SIMP,Simply Energy
SINR,South Island Energy
SKOG,Norske Skog Tasman
SMAL,Smales Farm
SMCO,Smartco Ltd
SMRT,Smart Net
SOLE,Solid Energy
SPAC,South Pacific Cellars
SPEL,South Pacific Energy
SPEP,Southpower Energy Purchasers Ltd
SPNR,Energy ScanPower
SPOR,SPOR
SPOR,Ariadne Marinas Oceania
SPOW,Southpower Ltd
SPWR,Secure Power Ltd
STAK,Stack Energy
STRM,Stream Information
STRP,Stratford Power Ltd
SUPE,Supercharged Energy
SWCH,Switch Utilities
SWFT,Swift Energy
SWSL,Summit Wool Spinners
TADA,NGC
TANN,TransAlta (non-market)
TANR,TransAlta New Zealand
TANZ,TransAlta New Zealand
TAOM,Eastland Generation
TAPP,Norske Skog Tasman
TARA,Taranaki Energy Ltd
TASM,Network Tasman
TASP,Norske Skog Tasman
TAUP,Taupo Electricity Ltd (old)
TAUR,Tauranga Electricity Ltd
TENC,The Embedded Network Company
TENX,Tenix Alliance New Zealand
TFCL,New Zealand Tariff and Fuel Consultants
TFDA,Tariff and Fuels
TGTL,Todd Generation Taranaki
TIKL,Tuaropaki Kaitiaki
TMLS,Total Metering
TNPT,The National Property Trust
TODD,Todd Energy
TODD,Nova Energy
TODN,Todd Energy (non-market)
TOLQ,Westpac
TOML,Energy Intellect
TOPE,Top Energy
TPCO,The Power Company
TPNZ,Transpower NZ
TPNZ,Transpower New Zealand
TRCL,Graphite Management
TRPG,TrustPower
TRSV,Transfield Services
TRUM,TrustPower
TRUN,TrustPower
TRUR,TrustPower
TRUS,TrustPower
TRWS,Transformer Winding Services
TSCN,Thomas Cameron
TTSR,TTSR
TTSR,22 Stoddard Road Ltd
TTTL,The Three Tasters
TUAR,Tuaropaki Power
TUIH,Tuihana Networks
UNET,United Networks
UNIT,United Electricity Ltd
UNKN,Unknown
UNLN,United Networks (non-market)
VALY,Valley Power (old)
VCTR,Vector
VDNZ,Viaduct New Zealand
VECT,Vector
VEMS,VirCom Energy Management Services
VMOL,Viewmount Orchards
VSTY,"Vesty Drive, TrustPower"
VWEN,Wellington Electricity
VWEN,Wellington Network Owner
WAIK,WEL Networks
WAIP,Waipa Networks
WAIR,Wairarapa
WAIT,Waitemata Electricity (old)
WANG,Wanganui Gas
WANR,Energy Waikato
WASN,WEL Networks
WATA,Network Waitaki
WBSL,WD Boyes & Sons
WCSL,Watercare Services
WELL,Wells Instrument & Electricial Services
WELN,WEL Networks (non market)
WENE,Waikanae ENE
WFNZ,Westfields New Zealand
WFNZ,Scentre Group
WGEN,Waipori Power Generation Ltd
WHSP,Whisper Tech
WISE,Wise Prepay Energy
WKDA,Energy Waikato
WKTO,Energy Waikato
WMGT,Waste Management
WNET,WEL Networks
WNSL,Lloyd Wensley
WNSN,Winstone Pulp International (non-market)
WNSP,Winstone Pulp International
WNST,Winstone Pulp International
WPOW,Westpower
WPWF,Waverley Wind Farm
WROA,Wairoa Power
WSOE,Waikato SOE
WTOM,Waitomo Energy Services 
YESP,YES Power
ZAPP,Zapp
PPLD,105 The Terrace Limited
TTSR,22 Stoddard Road Limited
ABSN,Abyssinian Holdings Limited 
AMCI,Advanced Metering Assets Limited
NGCM,Advanced Metering Assets Limited
NGCS,Advanced Metering Assets Limited
STRM,Advanced Metering Assets Limited
AMSL,Advanced Metering Services Limited
VCOM,Advanced Metering Services Limited
ALNT,Alinta Energy Limited
ALPS,Alpine Energy
ALTH,Alstom
ALDI,Aluminium Diecasting Limited
AMPC,AMP Capital Investors (NZ) Limited
AJML,Armstrong Jones Mgmt Limited
ASPD,ASP Development Limited
TTSR,Asset Plus Limited
SOLR,Auckland Commercial Solar Ltd
SUPE,Auckland Commercial Solar Ltd  (was Country Connect Solar Ltd trading as Supercharged Energy)
ADHB,Auckland District Health Board
AKLD,Auckland Energy Limited
AGCL,Auckland Gas Company
AIAL,Auckland International Airport Limited
DUNE,Aurora Energy Limited
APEL,Austral Pacific Energy (NZ) Limited
AWFL,Awhitu Windfarms Limited
MYST,Awhitu Windfarms Limited
,Ballance Agri-Nutrients Limited 
BIRC,Birchfield Minerals Limited
ADMT,Body Corporate 470177 (Elevate)
MERQ,Body Corporate 472616 (Merchant Quarter)
NORF,Body Corporate 478483 (Norfolk)
BRCK,Body Corporate 483436 (Brickworks Apartments)
BCPL,Body Corporate Power Limited
EZYN,Bosco Connect Limited (previously Ezy Networks)
MTPX,Brookfield Multiplex Funds Management Limited
BRKN,Brooklyn Electricity Limited
BUEL,Buller Electricity Limited
CPTS,Caniwi Properties (Tory Street) Limited
,Canterbury District Health Boards 
,Capital & Coast District Health Board 
CHHG,Carter Holt Harvey Energy Limited
CEEL,Central Electric Limited
CHBP,Central Hawkes Bay Power Limited
CPOW,CentralPower Limited
KENC,CER Limited
CAPM,CGML Limited (Capital Markets)
CMCB,CGML Limited (CGML Building)
COMB,CGML Limited (Commercial Complex B)
COMC,CGML Limited (Commercial Complex C)
COMA,CGML Limited (Commercial Complex)
WHTA,"CGML Limited (Whitereia Building, Wellington)"
CLEA,Clear Energy Limited
NZCM,Clearing Manager (NZX)
CSNL,Cold Storage Nelson Limited
CMTY,Comtricity
COUP,Counties Power  Limited 
COUS,Counties Power  Limited 
CHCL,CWF Hamilton & Co Limited
DPNZ,Daiken Southland Ltd
DCOL,Datacol Limited
ETRD,Declined - Inappropriate
DEEP,Deep Energy Ltd
CORR,Department of Corrections
DOIA,Department of Internal Affairs
DEUT,Deutsche Bank
DIVT,Divster Limited
DPNZ,Dongwha New Zealand Limited
DHCL,Drysdale Hydro Company Limited
DEOL,Dynamic Energy Limited TA Dynamic Energy.online
EGAT,Eastgate Shopping Centre Limited
TAOM,Eastland Generation Limited
EASM,Eastland Network Limited
EAST,Eastland Network Limited
ECOS,Ecosmart New Zealand Limited
ECOT,Ecotricity Limited
EDCD,Edison Energy Limited
EDCR,Edison Energy Limited
EDPG,EdPro Group Limited
CUST,EIEP reserved
ELEN,Electra Energy Limited
ELEC,Electra Limited
ENEL,Electrica Limited
CCRS,Electricity and Gas Complaints Commission (Consumer Complaints Resolution Scheme)
EASH,Electricity Ashburton Limited (EA Networks)
ECNZ,Electricity Authority
ELIN,Electricity Invercargill Limited
ELIS,Electricity Invercargill Limited
LLNZ,Electricity Southland Limited 
ENSL,Embedded Network Services Limited
EMER,Emerald Energy Limited
EMHT,EMHTrade Limited
EMPD,Empower Limited
EMPR,Empower Limited
ERGY,ENEL X NEW ZEALAND Ltd
AUCK,Energy Auckland Limited
AUDA,Energy Auckland Limited
AUNR,Energy Auckland Limited
ENDL,Energy Direct Limited
EDNZ,Energy Direct NZ Limited
,Energy for Industry
TOML,Energy Intellect Limited
,Energy Response Pty Limited
WANR,Energy Waikato Limited
WKDA,Energy Waikato Limited
WKTO,Energy Waikato Limited
EWSL,Envirowaste Services Limited
ESDP,ESD Power Limited
ETRN,eTrading Limited
NZER,Extended Reserves Manager (NZX Limited)
FNSF,Far North Solar Farm Limited
FCLM,Financial Corporation Limited
TRUM,Financial Corporation Limited
FMAA,Financial Markets Authority
FEDA,First Electric Limited
FRST,First Electric Limited
FLCH,Fletcher Building Limited 
FLCK,Flick Energy Limited
FSIL,Foodstuffs (South Island) Limited
FORM,Formway Metering Services (NZ) Limited
FOGY,ForOurGood Limited
NZFM,FTR Manager (Energy Market Services)
CLUB,Future Energy New Zealand Limited trading as Club Energy
EODA,Genesis Power Limited
GEND,Genesis Power Limited
GENE,Genesis Power Limited
GENF,Genesis Power Limited
GENH,Genesis Power Limited
GENR,Genesis Power Limited
GENT,Genesis Power Limited
GENW,Genesis Power Limited
GBUG,Globug (Mercury NZ Limited)
MACQ,Goodman Nominee (NZ) Limited
GPCL,Greymouth Power Company Limited
HETL,Haast Energy Trading Limited
HANE,Hanergy Limited
HEDL,Horizon Energy Group (Horizon Networks)
HNZC,Housing New Zealand Corporation
HNET,Hunet Energy (Hunet Limited)
HYDE,Hydro Energy Limited
HGED,Hygrid Energy Limited
HGEL,Hygrid Energy Limited
IAMP,Iamdigital Limited
IDPL,ID Power Limited
INDS,Indeserve Limited
IDNL,Indevin Limited
INRD,Inland Revenue Department
MTRX,Intellihub Limited (previously Metrix Limited (Mercury))
IHUB,Intellihub NZ Limited
JACK,Jackson Estate Limited
KPOW,K Power (Karapiro Power Limited)
KAPE,Kapuni Energy Limited
KRGL,Kawerau Geothermal Limited
KEAE,Kea Energy Limited
EDCL,Kinetic Networks Limited
KCDA,King Country Energy Limited
KCEM,King Country Energy Limited
KCNR,King Country Energy Limited
KING,King Country Energy Limited
KIWI,Kiwi Power  Limited
KPWR,Kiwi Power Limited
KWCL,Kiwi Wine Company Limited
LGNZ,Landis & Gry Pty. Limited.
LNGZ,Landis+Gyr Limited
LMGL,Legacy Metering Group (LMG) Limited
AJML,Lend Lease Funds Management Limited 
AJML,Lend Lease Investments Pty 
LITE,Lighthouse Energy Limited
MEFL,Macquarie Equipment Finance Limited
MELL,Macquarie Equipment Finance Limited
MDPR,MAD Power Limited
MPOM,Mainpower
MPOW,MainPower New Zealand Limited
MPAS,MainPower New Zealand Limited (Grid Owner)
MPGL,Marakopa Generation Limited
MARL,Marlborough Lines Limited
MATA,Mata International Limted T/A Mata Gas
MTRX,Mercury (Metrix Limited)
MEEN,Mercury NZ Limited
MRPD,Mercury NZ Limited (previously Mighty River Power Limited)
MRPL,Mercury NZ Limited (previously Mighty River Power Limited)
MENH,Meridian Energy 
MENR,Meridian Energy 
MERG,Meridian Energy Limited
MERI,Meridian Energy Limited
MERS,Meridian Energy Limited
MERX,Meridian Energy Limited
META,Metamorphic Solutions
MSLI,Metering Systems Limited
MTEC,Metering Technology Limited
,Methanex
MWEL,Mid Western Energy Limited
MRDA,Mighty River Power Limited
MBIE,Ministry Business Innovation and Employment
MOHN,Ministry of Health
NFIU,Ministry of Social Development
MMAE,MMA Energy NZ Limited
MOPO,Mountain Power Limited
MHLD,Museum Hotel Limited
,Nelson Pine Industries Limited 
TASM,Network Tasman Limited
TASS,Network Tasman Limited
NWLK,Network Waitaki   
NWLM,Network Waitaki Limited
WATA,Network Waitaki Limited
NZAL,New Zealand Airways Limited
ANSL,New Zealand Aluminium Smelters Limited
NZAB,New Zealand Aluminium Smelters Limited
NZAF,New Zealand Aluminium Smelters Limited
NZAP,New Zealand Aluminium Smelters Limited
NZAS,New Zealand Aluminium Smelters Limited
NZEM,New Zealand Electricity Market 
NPRA,New Zealand Government Audit
POLC,"New Zealand Police
"
NZRP,New Zealand Retail Property Group Limited
NZSC,New Zealand Steel Limited
NZSD,New Zealand Steel Limited
NZSP,New Zealand Steel Limited
NZST,New Zealand Steel Limited
NEXG,NextGen
NGAG,Ngawha Generation Limited 
NGCM,NGC
NGCS,NGC
WNSL,NL and CE Wensley
JIMM,No one (was Jimmi Interests Limited)
SKOG,Norske Skog Tasman Limited
TAPP,Norske Skog Tasman Limited
TASP,Norske Skog Tasman Limited
NRHL,Northcote Road 1 Holdings Limited
NPOW,Northpower Limited
BOPD,Nova Energy Limited (was Bay of Plenty Energy)
BOPE,Nova Energy Limited (was Bay of Plenty Energy)
TODD,Nova Energy Limited (was Todd Energy Limited )
HNET,Nova Energy trading as megaTEL
WISE,Nova Energy trading as Wise Prepay
NOVA,Nova Gas
RMPW,NZX Reconciliation Manager
OBDA,Obertech Group Limited
CHHE,OJI Fibre Solutions (NZ) Limited
OMFM,OM Financial
OMVP,OMV New Zealand Production Limited
MPOS,On Metering Limited
ONMS,On Metering Limited
ONEK,Onekaka Energy
,ONTRACK (New Zealand Railways Corporation)
OPHL,Opunake Hydro Limited
SPOR,Orams Marine Services Limited
ORSL,Orange Services Limited
ORBS,Orbus Business Services Limited
ORON,Orion New Zealand Limited
OTPO,OtagoNet Joint Venture 
LEMO,Our Energy Limited
OYST,Oyster Networks Limited
PPTL,Pace Property Trustee Limited
PANP,Pan Pacific Forest Industries Limited
PPFP,Pan Pacific Forest Industries Limited
GIVE,Paua to the People Limited (was Giving Energy)
PAUA,Paua to the People Limited (was Giving Energy)
PLEL,Payless Energy Limited
PBCL,PBC Limited trading
PIGL,Pioneer Energy Ltd
PION,Pioneer Energy Ltd
PIGE,Pioneer Generation Limited
PLTM,Platinum Power Retail Limited
POLO,Polo Properties (2000) Limited
PTOL,Port Otago Limited
PTNP,Port Taranaki Limited
EDGE,Power Edge Limited
POCO,Powerco Limited
PWCO,Powerco Limited
PWNT,PowerNet Limited
PWSD,Powershed Holdings Limited
PSDA,Powershop NZ Limited
PSNZ,Powershop NZ Limited
WISE,Pre Pay Energy Limited
PPHL,Precinct Properties Holdings Limited 
PPNZ,Precinct Properties Holdings Limited 
PRME,Prime Energy Limited
PSPI,PSPIB Waiheke Inc
PUKE,PukePine Sawmills Limited
BOPD,Pulse Energy Alliance LP
PPPP,Pulse Energy Alliance LP
PUDA,Pulse Energy Alliance LP 
PUNZ,Pulse Energy Alliance LP 
CPPL,Pulse Energy Alliance LP (was Property Power)
RNZL,Radio New Zealand Limited
RVDN,Ravensdown Fertiliser Co-op Limited
RAYN,Rayonier Limited
,Red Stag Timber Limited 
RTHL,Right House Limited
RMBE,RMB Energy Group NZ Limited
RJEN,Robt Jones Electricity Network Limited
,RTA Power (NZ) Limited
SABL,Sabina Limited
SCAN,Scanpower Limited
WFNZ,Scentre Shopping Centre Management Limited
SPWR,Secure Power Limited
SIEM,Siemens (N.Z.) Limited
SELS,Simply Energy Limited
SELX,Simply Energy Limited
SIMP,Simply Energy Limited
SMAL,Smales Farm (Northcote RD 1 holdings limited)
SMRT,Smart Net Limited
SMCO,Smartco Limited
SWET,Smartwin Energy Trading Limited
SOLE,Solid Energy New Zealand Limited
SCHL,South City Holdings Limited
SPAC,South Pacific Cellars Limited
SPEL,South Pacific Energy Limited
SHPK,Southpark Utilities Limited
STAK,Stack Power Limited
STRM,Stream Information Limited 
DMFL,Stride Investment Management Limited (was DNZ Property Fund Limited)
SWSL,Summit Wool Spinners Limited
STDG,SunTricity Limited
STLD,Switch Trading Limited
SULN,Switch Utilities
SYEE,Sye Energies Ltd
TENX,Tenix Alliance New Zealand Limited
RFNZ,The NZ Refining Company Limited
,The Palms Services Limited
PINE,The Pines Apartments (Body Corporate 497775)
TPCO,The Power Company Limited
TPCS,The Power Company Limited
TTTL,The Three Tasters Limited
TGTL,Todd Generation Taranaki Limited
TOPE,Top Energy Limited
TMLS,Total Metering Limited
TUMG,Total Utilities Management Group
TANR,TransAlta New Zealand Limited
TANZ,TransAlta New Zealand Limited
TRWS,Transformer Winding Services Limited
NZSO,Transpower (System Operator)
TPNZ,Transpower New Zealand Limited (Grid Owner)
DUNW,TrustPower Limited
TRPG,TrustPower Limited
TRUN,TrustPower Limited
TRUR,TrustPower Limited
TRUS,TrustPower Limited
WHIT,TrustPower Limited
TIKL,Tuaropaki Kaitiaki Limited
TUAR,Tuaropaki Power  Company Limited
TUIH,Tuihana Networks Limited
HAWK,Unison Networks Limited
UTIL,Utilise Limited
AUDI,Utility Professional Services Limited
UNET,Vector Limited
VECT,Vector Limited
VWEN,Vector Wellington Electricity Network Limited
TRSV,Ventia NZ Operations Limited (was Transfield and Broad Spectrum Ltd)
VDNZ,Viaduct New Zealand Limited
VMOL,ViewMount Orchards Limited
VEMS,VirCom Energy Management Services Limited
WENE,Waikanae ENE Limited
TWAI,Wairaka Capital
WAIR,Wairararapa
WROA,Wairoa Power Limited
WTOM,Waitomo
WANG,Wanganui Gas Limited
WMGT,Waste Management Limited
WCSL,Watercare Services Limited
WPWF,Waverley Wind Farm Limited
WBSL,WD Boyes & Sons Limited
OURP,WEL Networks
,Wellington airport
CKHK,Wellington Electricity Lines Limited
WELL,Wells Instrument & Electricial Services Limited
WLTH,Wells Instrument & Electricial Services Limited
TOLQ,Westpac NZ Limited
WPOW,Westpower Limited
WHSP,Whisper Tech Limited
YESP,Yes Power Limited
YRLS,Yes Power Limited
ZAPP,Zapp The Power Company
ZEUS,Zeus Energy Limited
